episode,mean_reward,episode_length,duration
1,-605.3571428571429,14,763.250983953476
2,-523.5384615384615,26,1443.992553472519
